{
    "ginsberg":
    {
        "Happy": 0.081517,
        "Angry": 0.077422,
        "Surprise": 0.238941,
        "Sad": 0.268637,
        "Fear": 0.332879
    },
    "shakespeare":
    {
        "Happy": 0.203436,
        "Angry": 0.080727, 
        "Surprise": 0.170295, 
        "Sad": 0.289964, 
        "Fear": 0.255613
    },
    "cummings":
    {
        "Happy": 0.136826,
        "Angry": 0.107795,
        "Surprise": 0.246984,
        "Sad": 0.234248,
        "Fear": 0.268119
    },
    "whitman":{
        "Happy": 0.141216,
        "Angry": 0.07223,
        "Surprise": 0.191068,
        "Sad": 0.22062,
        "Fear": 0.37445
    },
    "generated_ginsberg":
    {
        "Happy": 0.121517,
        "Angry": 0.087422,
        "Surprise": 0.248941,
        "Sad": 0.258637,
        "Fear": 0.282879
    },
    "generated_whitman":{
        "Happy": 0.108277,
        "Angry": 0.129416,
        "Surprise": 0.165447,
        "Sad": 0.21387,
        "Fear": 0.3975
    },
    "generated_shakespeare":
    {
        "Happy": 0.123436,
        "Angry": 0.100727, 
        "Surprise": 0.180295, 
        "Sad": 0.349964, 
        "Fear": 0.245613
    },
    "generated_cummings":
    {
        "Happy": 0.159808,
        "Angry": 0.1365,
        "Surprise": 0.26423,
        "Sad": 0.232535,
        "Fear": 0.206927
    },
    "generated_cummings_counter": 1,
    "generated_ginsberg_counter": 1,
    "generated_shakespeare_counter": 1,
    "generated_whitman_counter": 1
}
